<?xml version="1.0" encoding="UTF-8" ?>
<b:beans xmlns:b="http://www.springframework.org/schema/beans"
	xmlns:xsi="http://www.w3.org/2001/XMLSchema-instance" xmlns="http://www.springframework.org/schema/security"
	xmlns:oauth="http://www.springframework.org/schema/security/oauth"
	xsi:schemaLocation="http://www.springframework.org/schema/security 
		http://www.springframework.org/schema/security/spring-security.xsd
		http://www.springframework.org/schema/security/oauth
		http://www.springframework.org/schema/security/spring-security-oauth.xsd
		http://www.springframework.org/schema/beans 
		http://www.springframework.org/schema/beans/spring-beans.xsd">



	<http auto-config="true">
		<intercept-url pattern="/admin**" access="hasRole('ADMIN')" />
		<form-login />
		<!-- enable csrf protection -->
		<csrf />
	</http>


	<authentication-manager>
		<authentication-provider>
			<user-service>
				<user name="admin" password="123" authorities="ADMIN" />
			</user-service>
		</authentication-provider>
	</authentication-manager>

</b:beans>  